date,close
1551830400,3903.942626953125
1551916800,3911.484375
1552003200,3901.131591796875
1552089600,3963.313720703125
1552176000,3951.599853515625
1552262400,3905.227294921875
1552348800,3909.15625
1552435200,3906.71728515625
1552521600,3924.369140625
1552608000,3960.9111328125
1552694400,4048.725830078125
1552780800,4025.22900390625
1552867200,4032.50732421875
1552953600,4071.190185546875
1553040000,4087.476318359375
1553126400,4029.326904296875
1553212800,4023.96826171875
1553299200,4035.826416015625
1553385600,4022.168212890625
1553472000,3963.070556640625
1553558400,3985.080810546875
1553644800,4087.066162109375
1553731200,4069.107177734375
1553817600,4098.37451171875
1553904000,4106.66015625
1553990400,4105.404296875
1554076800,4158.18310546875
1554163200,4879.8779296875
1554249600,4973.02197265625
1554336000,4922.798828125
1554422400,5036.68115234375
1554508800,5059.8173828125
1554595200,5198.89697265625
1554681600,5289.77099609375
1554768000,5204.95849609375
1554854400,5324.5517578125
1554940800,5064.48779296875
1555027200,5089.5390625
1555113600,5096.58642578125
1555200000,5167.72216796875
1555286400,5067.1083984375
1555372800,5235.5595703125
1555459200,5251.93798828125
1555545600,5298.3857421875
1555632000,5303.8125
1555718400,5337.88623046875
1555804800,5314.53125
1555891200,5399.365234375
1555977600,5572.3623046875
1556064000,5464.86669921875
1556150400,5210.515625
1556236800,5279.34814453125
1556323200,5268.291015625
1556409600,5285.13916015625
1556496000,5247.3525390625
1556582400,5350.7265625
1556668800,5402.697265625
1556755200,5505.28369140625
1556841600,5768.28955078125
1556928000,5831.16748046875
1557014400,5795.70849609375
1557100800,5746.80712890625
1557187200,5829.50146484375
1557273600,5982.45751953125
1557360000,6174.52880859375
1557446400,6378.84912109375
1557532800,7204.771484375
1557619200,6972.37158203125
1557705600,7814.9150390625
1557792000,7994.416015625
1557878400,8205.16796875
1557964800,7884.9091796875
1558051200,7343.8955078125
1558137600,7271.2080078125
1558224000,8197.689453125
1558310400,7978.30908203125
1558396800,7963.32763671875
1558483200,7680.06640625
1558569600,7881.8466796875
1558656000,7987.37158203125
1558742400,8052.5439453125
1558828800,8673.2158203125
1558915200,8805.7783203125
1559001600,8719.9619140625
1559088000,8659.4873046875
1559174400,8319.47265625
1559260800,8574.501953125
1559347200,8564.0166015625
1559433600,8742.9580078125
1559520000,8208.9951171875
1559606400,7707.77099609375
1559692800,7824.2314453125
1559779200,7822.0234375
1559865600,8043.951171875
1559952000,7954.1279296875
1560038400,7688.0771484375
1560124800,8000.32958984375
1560211200,7927.71435546875
1560297600,8145.857421875
1560384000,8230.923828125
1560470400,8693.8330078125
1560556800,8838.375
1560643200,8994.48828125
1560729600,9320.3525390625
1560816000,9081.7626953125
1560902400,9273.521484375
1560988800,9527.16015625
1561075200,10144.556640625
1561161600,10701.69140625
1561248000,10855.37109375
1561334400,11011.1025390625
1561420800,11790.9169921875
1561507200,13016.2314453125
1561593600,11182.806640625
1561680000,12407.33203125
1561766400,11959.37109375
1561852800,10817.1552734375
1561939200,10583.134765625
1562025600,10801.677734375
1562112000,11961.26953125
1562198400,11215.4375
1562284800,10978.4599609375
1562371200,11208.55078125
1562457600,11450.8466796875
1562544000,12285.9580078125
1562630400,12573.8125
1562716800,12156.5126953125
1562803200,11358.662109375
1562889600,11815.986328125
1562976000,11392.37890625
1563062400,10256.05859375
1563148800,10895.08984375
1563235200,9477.6416015625
1563321600,9693.802734375
1563408000,10666.482421875
1563494400,10530.732421875
1563580800,10767.1396484375
1563667200,10599.10546875
1563753600,10343.1064453125
1563840000,9900.767578125
1563926400,9811.92578125
1564012800,9911.841796875
1564099200,9870.3037109375
1564185600,9477.677734375
1564272000,9552.8603515625
1564358400,9519.1455078125
1564444800,9607.423828125
1564531200,10085.6279296875
1564617600,10399.6689453125
1564704000,10518.1748046875
1564790400,10821.7265625
1564876800,10970.1845703125
1564963200,11805.6533203125
1565049600,11478.1689453125
1565136000,11941.96875
1565222400,11966.4072265625
1565308800,11862.9365234375
1565395200,11354.0244140625
1565481600,11523.5791015625
1565568000,11382.6162109375
1565654400,10895.830078125
1565740800,10051.7041015625
1565827200,10311.5458984375
1565913600,10374.3388671875
1566000000,10231.744140625
1566086400,10345.810546875
1566172800,10916.0537109375
1566259200,10763.232421875
1566345600,10138.0498046875
1566432000,10131.0556640625
1566518400,10407.96484375
1566604800,10159.9609375
1566691200,10138.517578125
1566777600,10370.8203125
1566864000,10185.5
1566950400,9754.4228515625
1567036800,9510.2001953125
1567123200,9598.173828125
1567209600,9630.6640625
1567296000,9757.970703125
1567382400,10346.7607421875
1567468800,10623.5400390625
1567555200,10594.4931640625
1567641600,10575.533203125
1567728000,10353.302734375
1567814400,10517.2548828125
1567900800,10441.2763671875
1567987200,10334.974609375
1568073600,10115.9755859375
1568160000,10178.3720703125
1568246400,10410.126953125
1568332800,10360.546875
1568419200,10358.048828125
1568505600,10347.712890625
1568592000,10276.7939453125
1568678400,10241.2724609375
1568764800,10198.248046875
1568851200,10266.4150390625
1568937600,10181.6416015625
1569024000,10019.716796875
1569110400,10070.392578125
1569196800,9729.32421875
1569283200,8620.56640625
1569369600,8486.9931640625
1569456000,8118.9677734375
1569542400,8251.845703125
1569628800,8245.9150390625
1569715200,8104.185546875
1569801600,8293.8681640625
1569888000,8343.2763671875
1569974400,8393.0419921875
1570060800,8259.9921875
1570147200,8205.939453125
1570233600,8151.50048828125
1570320000,7988.15576171875
1570406400,8245.623046875
1570492800,8228.783203125
1570579200,8595.740234375
1570665600,8586.4736328125
1570752000,8321.7568359375
1570838400,8336.5556640625
1570924800,8321.005859375
1571011200,8374.6865234375
1571097600,8205.369140625
1571184000,8047.52685546875
1571270400,8103.9111328125
1571356800,7973.20751953125
1571443200,7988.560546875
1571529600,8222.078125
1571616000,8243.720703125
1571702400,8078.203125
1571788800,7514.671875
1571875200,7493.48876953125
1571961600,8660.7001953125
1572048000,9244.97265625
1572134400,9551.71484375
1572220800,9256.1484375
1572307200,9427.6875
1572393600,9205.7265625
1572480000,9199.5849609375
1572566400,9261.1044921875
1572652800,9324.7177734375
1572739200,9235.3544921875
1572825600,9412.6123046875
1572912000,9342.52734375
1572998400,9360.8798828125
1573084800,9267.5615234375
1573171200,8804.880859375
1573257600,8813.58203125
1573344000,9055.5263671875
1573430400,8757.7880859375
1573516800,8815.662109375
1573603200,8808.2626953125
1573689600,8708.0947265625
1573776000,8491.9921875
1573862400,8550.7607421875
1573948800,8577.9755859375
1574035200,8309.2861328125
1574121600,8206.1455078125
1574208000,8027.26806640625
1574294400,7642.75
1574380800,7296.57763671875
1574467200,7397.796875
1574553600,7047.9169921875
1574640000,7146.1337890625
1574726400,7218.37109375
1574812800,7531.66357421875
1574899200,7463.10595703125
1574985600,7761.24365234375
1575072000,7569.6298828125
1575158400,7424.29248046875
1575244800,7321.98828125
1575331200,7320.1455078125
1575417600,7252.03466796875
1575504000,7448.3076171875
1575590400,7546.99658203125
1575676800,7556.23779296875
1575763200,7564.34521484375
1575849600,7400.8994140625
1575936000,7278.11962890625
1576022400,7217.42724609375
1576108800,7243.13427734375
1576195200,7269.6845703125
1576281600,7124.673828125
1576368000,7152.3017578125
1576454400,6932.48046875
1576540800,6640.51513671875
1576627200,7276.802734375
1576713600,7202.84423828125
1576800000,7218.81640625
1576886400,7191.15869140625
1576972800,7511.5888671875
1577059200,7355.62841796875
1577145600,7322.5322265625
1577232000,7275.15576171875
1577318400,7238.966796875
1577404800,7290.08837890625
1577491200,7317.990234375
1577577600,7422.65283203125
1577664000,7292.9951171875
1577750400,7193.59912109375
1577836800,7200.17431640625
1577923200,6985.47021484375
1578009600,7344.88427734375
1578096000,7410.65673828125
1578182400,7411.3173828125
1578268800,7769.21923828125
1578355200,8163.6923828125
1578441600,8079.86279296875
1578528000,7879.0712890625
1578614400,8166.55419921875
1578700800,8037.53759765625
1578787200,8192.494140625
1578873600,8144.1943359375
1578960000,8827.7646484375
1579046400,8807.0107421875
1579132800,8723.7861328125
1579219200,8929.0380859375
1579305600,8942.80859375
1579392000,8706.2451171875
1579478400,8657.642578125
1579564800,8745.89453125
1579651200,8680.8759765625
1579737600,8406.515625
1579824000,8445.4345703125
1579910400,8367.84765625
1579996800,8596.830078125
1580083200,8909.8193359375
1580169600,9358.58984375
1580256000,9316.6298828125
1580342400,9508.9931640625
1580428800,9350.529296875
1580515200,9392.875
1580601600,9344.365234375
1580688000,9293.521484375
1580774400,9180.962890625
1580860800,9613.423828125
1580947200,9729.8017578125
1581033600,9795.943359375
1581120000,9865.119140625
1581206400,10116.673828125
1581292800,9856.611328125
1581379200,10208.236328125
1581465600,10326.0546875
1581552000,10214.3798828125
1581638400,10312.1162109375
1581724800,9889.4248046875
1581811200,9934.43359375
1581897600,9690.142578125
1581984000,10141.99609375
1582070400,9633.38671875
1582156800,9608.4755859375
1582243200,9686.44140625
1582329600,9663.181640625
1582416000,9924.515625
1582502400,9650.1748046875
1582588800,9341.705078125
1582675200,8820.5224609375
1582761600,8784.494140625
1582848000,8672.455078125
1582934400,8599.5087890625
1583020800,8562.4541015625
1583107200,8869.669921875
1583193600,8787.7861328125
1583280000,8755.24609375
1583366400,9078.7626953125
1583452800,9122.5458984375
1583539200,8909.9541015625
1583625600,8108.1162109375
1583712000,7923.64453125
1583798400,7909.7294921875
1583884800,7911.43017578125
1583971200,4970.7880859375
1584057600,5563.70703125
1584144000,5200.3662109375
1584230400,5392.31494140625
1584316800,5014.47998046875
1584403200,5225.62939453125
1584489600,5238.4384765625
1584576000,6191.19287109375
1584662400,6198.7783203125
1584748800,6185.06640625
1584835200,5830.2548828125
1584921600,6416.31494140625
1585008000,6734.8037109375
1585094400,6681.06298828125
1585180800,6716.4404296875
1585267200,6469.79833984375
1585353600,6242.19384765625
1585440000,5922.04296875
1585526400,6429.841796875
1585612800,6438.64453125
1585699200,6606.7763671875
1585785600,6793.62451171875
1585872000,6733.38720703125
1585958400,6867.52734375
1586044800,6791.12939453125
1586131200,7271.78125
1586217600,7176.41455078125
1586304000,7334.0986328125
1586390400,7302.08935546875
1586476800,6865.4931640625
1586563200,6859.0830078125
1586649600,6971.091796875
1586736000,6845.03759765625
1586822400,6842.427734375
1586908800,6642.10986328125
1586995200,7116.80419921875
1587081600,7096.1845703125
1587168000,7257.6650390625
1587254400,7189.4248046875
1587340800,6881.95849609375
1587427200,6880.3232421875
1587513600,7117.20751953125
1587600000,7429.724609375
1587686400,7550.90087890625
1587772800,7569.93603515625
1587859200,7679.8671875
1587945600,7795.60107421875
1588032000,7807.05859375
1588118400,8801.0380859375
1588204800,8658.5537109375
1588291200,8864.7666015625
1588377600,8988.5966796875
1588464000,8897.46875
1588550400,8912.654296875
1588636800,9003.0703125
1588723200,9268.76171875
1588809600,9951.5185546875
1588896000,9842.666015625
1588982400,9593.896484375
1589068800,8756.4306640625
1589155200,8601.7958984375
1589241600,8804.4775390625
1589328000,9269.9873046875
1589414400,9733.7216796875
1589500800,9328.197265625
1589587200,9377.013671875
1589673600,9670.7392578125
1589760000,9726.5751953125
1589846400,9729.0380859375
1589932800,9522.9814453125
1590019200,9081.76171875
1590105600,9182.5771484375
1590192000,9209.287109375
1590278400,8790.3681640625
1590364800,8906.9345703125
1590451200,8835.052734375
1590537600,9181.017578125
1590624000,9525.7509765625
1590710400,9439.1240234375
1590796800,9700.4140625
1590883200,9461.05859375
1590969600,10167.2685546875
1591056000,9529.8037109375
1591142400,9656.7177734375
1591228800,9800.63671875
1591315200,9665.533203125
1591401600,9653.6796875
1591488000,9758.8525390625
1591574400,9771.4892578125
1591660800,9795.7001953125
1591747200,9870.0947265625
1591833600,9321.78125
1591920000,9480.84375
1592006400,9475.27734375
1592092800,9386.7880859375
1592179200,9450.7021484375
1592265600,9538.0244140625
1592352000,9480.2548828125
1592438400,9411.8408203125
1592524800,9288.0185546875
1592611200,9332.3408203125
1592697600,9303.6298828125
1592784000,9648.7177734375
1592870400,9629.658203125
1592956800,9313.6103515625
1593043200,9264.8134765625
1593129600,9162.91796875
1593216000,9045.390625
1593302400,9143.58203125
1593388800,9190.8544921875
1593475200,9137.9931640625
1593561600,9228.3251953125
1593648000,9123.41015625
1593734400,9087.3037109375
1593820800,9132.48828125
1593907200,9073.9423828125
1593993600,9375.474609375
1594080000,9252.27734375
1594166400,9428.3330078125
1594252800,9277.9677734375
1594339200,9278.8076171875
1594425600,9240.3466796875
1594512000,9276.5
1594598400,9243.6142578125
1594684800,9243.2138671875
1594771200,9192.8369140625
1594857600,9132.2275390625
1594944000,9151.392578125
1595030400,9159.0400390625
1595116800,9185.8173828125
1595203200,9164.2314453125
1595289600,9374.8876953125
1595376000,9525.36328125
1595462400,9581.072265625
1595548800,9536.892578125
1595635200,9677.11328125
1595721600,9905.1669921875
1595808000,10990.873046875
1595894400,10912.8232421875
1595980800,11100.4677734375
1596067200,11111.2138671875
1596153600,11323.466796875
1596240000,11759.5927734375
1596326400,11053.6142578125
1596412800,11246.3486328125
1596499200,11205.892578125
1596585600,11747.0224609375
1596672000,11779.7734375
1596758400,11601.47265625
1596844800,11754.0458984375
1596931200,11675.7392578125
1597017600,11878.111328125
1597104000,11410.525390625
1597190400,11584.9345703125
1597276800,11784.1376953125
1597363200,11768.87109375
1597449600,11865.6982421875
1597536000,11892.8037109375
1597622400,12254.40234375
1597708800,11991.2333984375
1597795200,11758.283203125
1597881600,11878.3720703125
1597968000,11592.4892578125
1598054400,11681.8251953125
1598140800,11664.84765625
1598227200,11774.595703125
1598313600,11366.134765625
1598400000,11488.36328125
1598486400,11323.3974609375
1598572800,11542.5
1598659200,11506.865234375
1598745600,11711.505859375
1598832000,11680.8203125
1598918400,11970.478515625
1599004800,11414.0341796875
1599091200,10245.296875
1599177600,10511.8134765625
1599264000,10169.5673828125
1599350400,10280.3515625
1599436800,10369.5634765625
1599523200,10131.5166015625
1599609600,10242.34765625
1599696000,10363.138671875
1599782400,10400.9150390625
1599868800,10442.1708984375
1599955200,10323.755859375
1600041600,10680.837890625
1600128000,10796.951171875
1600214400,10974.9052734375
1600300800,10948.990234375
1600387200,10944.5859375
1600473600,11094.3466796875
1600560000,10938.271484375
1600646400,10462.259765625
1600732800,10538.4599609375
1600819200,10246.1865234375
1600905600,10760.06640625
1600992000,10692.716796875
1601078400,10750.7236328125
1601164800,10775.26953125
1601251200,10709.65234375
1601337600,10844.640625
1601424000,10784.4912109375
1601510400,10619.4521484375
1601596800,10575.974609375
1601683200,10549.3291015625
1601769600,10669.5830078125
1601856000,10793.33984375
1601942400,10604.40625
1602028800,10668.96875
1602115200,10915.685546875
1602201600,11064.4580078125
1602288000,11296.361328125
1602374400,11384.181640625
1602460800,11555.36328125
1602547200,11425.8994140625
1602633600,11429.5068359375
1602720000,11495.349609375
1602806400,11322.123046875
1602892800,11358.1015625
1602979200,11483.359375
1603065600,11742.037109375
1603152000,11916.3349609375
1603238400,12823.689453125
1603324800,12965.8916015625
1603411200,12931.5390625
1603497600,13108.0625
1603584000,13031.173828125
1603670400,13075.248046875
1603756800,13654.21875
1603843200,13271.28515625
1603929600,13437.8828125
1604016000,13546.5224609375
1604102400,13780.9951171875
1604188800,13737.109375
1604275200,13550.4892578125
1604361600,13950.30078125
1604448000,14133.70703125
1604534400,15579.8486328125
1604620800,15565.880859375
1604707200,14833.75390625
1604793600,15479.5673828125
1604880000,15332.3154296875
1604966400,15290.90234375
1605052800,15701.33984375
1605139200,16276.34375
1605225600,16317.80859375
1605312000,16068.138671875
1605398400,15955.587890625
1605484800,16716.111328125
1605571200,17645.40625
1605657600,17804.005859375
1605744000,17817.08984375
1605830400,18621.314453125
1605916800,18642.232421875
1606003200,18370.001953125
1606089600,18364.12109375
1606176000,19107.46484375
1606262400,18732.12109375
1606348800,17150.623046875
1606435200,17108.40234375
1606521600,17717.4140625
1606608000,18177.484375
1606694400,19625.8359375
1606780800,18802.998046875
1606867200,19201.091796875
1606953600,19445.3984375
1607040000,18699.765625
1607126400,19154.23046875
1607212800,19345.12109375
1607299200,19191.630859375
1607385600,18321.14453125
1607472000,18553.916015625
1607558400,18264.9921875
1607644800,18058.904296875
1607731200,18803.65625
1607817600,19142.3828125
1607904000,19246.64453125
1607990400,19417.076171875
1608076800,21310.59765625
1608163200,22805.162109375
1608249600,23137.9609375
1608336000,23869.83203125
1608422400,23477.294921875
1608508800,22803.08203125
1608595200,23783.029296875
1608681600,23241.345703125
1608768000,23735.94921875
1608854400,24664.791015625
1608940800,26437.037109375
1609027200,26272.294921875
1609113600,27084.80859375
1609200000,27362.4375
1609286400,28840.953125
1609372800,29001.720703125
1609459200,29374.15234375
1609545600,32127.267578125
1609632000,32782.0234375
1609718400,31971.9140625
1609804800,33992.4296875
1609891200,36824.36328125
1609977600,39371.04296875
1610064000,40797.609375
1610150400,40254.546875
1610236800,38356.44140625
1610323200,35566.65625
1610409600,33922.9609375
1610496000,37316.359375
1610582400,39187.328125
1610668800,36825.3671875
1610755200,36178.140625
1610841600,35791.27734375
1610928000,36630.07421875
1611014400,36069.8046875
1611100800,35547.75
1611187200,30825.69921875
1611273600,33005.76171875
1611360000,32067.642578125
1611446400,32289.37890625
1611532800,32366.392578125
1611619200,32569.849609375
1611705600,30432.546875
1611792000,33466.09765625
1611878400,34316.38671875
1611964800,34269.5234375
1612051200,33114.359375
1612137600,33537.17578125
1612224000,35510.2890625
1612310400,37472.08984375
1612396800,36926.06640625
1612483200,38144.30859375
1612569600,39266.01171875
1612656000,38903.44140625
1612742400,46196.46484375
1612828800,46481.10546875
1612915200,44918.18359375
1613001600,47909.33203125
1613088000,47504.8515625
1613174400,47105.515625
1613260800,48717.2890625
1613347200,47945.05859375
1613433600,49199.87109375
1613520000,52149.0078125
1613606400,51679.796875
1613692800,55888.1328125
1613779200,56099.51953125
1613865600,57539.9453125
1613952000,54207.3203125
1614038400,48824.42578125
1614124800,49705.33203125
1614211200,47093.8515625
1614297600,46339.76171875
1614384000,46188.453125
1614470400,45137.76953125
1614556800,49631.2421875
1614643200,48378.98828125
1614729600,50538.2421875
1614816000,48561.16796875
1614902400,48927.3046875
1614988800,48912.3828125
1615075200,51206.69140625
1615161600,52246.5234375
1615248000,54824.1171875
1615334400,56008.55078125
1615420800,57805.12109375
1615507200,57332.08984375
1615593600,61243.0859375
1615680000,59302.31640625
1615766400,55907.19921875
1615852800,56804.90234375
1615939200,58870.89453125
1616025600,57858.921875
1616112000,58346.65234375
1616198400,58313.64453125
1616284800,57523.421875
1616371200,54529.14453125
1616457600,54738.9453125
1616544000,52774.265625
1616630400,51704.16015625
1616716800,55137.3125
1616803200,55973.51171875
1616889600,55950.74609375
1616976000,57750.19921875
1617062400,58917.69140625
1617148800,58918.83203125
1617235200,59095.80859375
1617321600,59384.3125
1617408000,57603.890625
1617494400,58758.5546875
1617580800,59057.87890625
1617667200,58192.359375
1617753600,56048.9375
1617840000,58323.953125
1617926400,58245.00390625
1618012800,59793.234375
1618099200,60204.96484375
1618185600,59893.453125
1618272000,63503.45703125
1618358400,63109.6953125
1618444800,63314.01171875
1618531200,61572.7890625
1618617600,60683.8203125
1618704000,56216.18359375
1618790400,55724.265625
1618876800,56473.03125
1618963200,53906.08984375
1619049600,51762.2734375
1619136000,51093.65234375
1619222400,50050.8671875
1619308800,49004.25390625
1619395200,54021.75390625
1619481600,55033.1171875
1619568000,54824.703125
1619654400,53555.109375
1619740800,57750.17578125
1619827200,57828.05078125
1619913600,56631.078125
1620000000,57200.29296875
1620086400,53333.5390625
1620172800,57424.0078125
1620259200,56396.515625
1620345600,57356.40234375
1620432000,58803.77734375
1620518400,58232.31640625
1620604800,55859.796875
1620691200,56704.57421875
1620777600,49150.53515625
1620864000,49716.19140625
1620950400,49880.53515625
1621036800,46760.1875
1621123200,46456.05859375
1621209600,43537.51171875
1621296000,42909.40234375
1621382400,37002.44140625
1621468800,40782.73828125
1621555200,37304.69140625
1621641600,37536.6328125
1621728000,34770.58203125
1621814400,38705.98046875
1621900800,38402.22265625
1621987200,39294.19921875
1622073600,38436.96875
1622160000,35697.60546875
1622246400,34616.06640625
1622332800,35678.12890625
1622419200,37332.85546875
1622505600,36684.92578125
1622592000,37575.1796875
1622678400,39208.765625
1622764800,36894.40625
1622851200,35551.95703125
1622937600,35862.37890625
1623024000,33560.70703125
1623110400,33472.6328125
1623196800,37345.12109375
1623283200,36702.59765625
1623369600,37334.3984375
1623456000,35552.515625
1623542400,39097.859375
1623628800,40218.4765625
1623715200,40406.26953125
1623801600,38347.0625
1623888000,38053.50390625
1623974400,35787.24609375
1624060800,35615.87109375
1624147200,35698.296875
1624233600,31676.693359375
1624320000,32505.66015625
1624406400,33723.02734375
1624492800,34662.4375
1624579200,31637.779296875
1624665600,32186.27734375
1624752000,34649.64453125
1624838400,34434.3359375
1624924800,35867.77734375
1625011200,35040.8359375
1625097600,33572.1171875
1625184000,33897.046875
1625270400,34668.546875
1625356800,35287.78125
1625443200,33746.00390625
1625529600,34235.1953125
1625616000,33855.328125
1625702400,32877.37109375
1625788800,33798.01171875
1625875200,33520.51953125
1625961600,34240.1875
1626048000,33155.84765625
1626134400,32702.025390625
1626220800,32822.34765625
1626307200,31780.73046875
1626393600,31421.5390625
1626480000,31533.068359375
1626566400,31796.810546875
1626652800,30817.83203125
1626739200,29807.34765625
1626825600,32110.693359375
1626912000,32313.10546875
1626998400,33581.55078125
1627084800,34292.4453125
1627171200,35350.1875
1627257600,37337.53515625
1627344000,39406.94140625
1627430400,39995.90625
1627516800,40008.421875
1627603200,42235.546875
1627689600,41626.1953125
1627776000,39974.89453125
1627862400,39201.9453125
1627948800,38152.98046875
1628035200,39747.50390625
1628121600,40869.5546875
1628208000,42816.5
1628294400,44555.80078125
1628380800,43798.1171875
1628467200,46365.40234375
1628553600,45585.03125
1628640000,45593.63671875
1628726400,44428.2890625
1628812800,47793.3203125
1628899200,47096.9453125
1628985600,47047.00390625
1629072000,46004.484375
1629158400,44695.359375
1629244800,44801.1875
1629331200,46717.578125
1629417600,49339.17578125
1629504000,48905.4921875
1629590400,49321.65234375
1629676800,49546.1484375
1629763200,47706.1171875
1629849600,48960.7890625
1629936000,46942.21875
1630022400,49058.66796875
1630108800,48902.40234375
1630195200,48829.83203125
1630281600,47054.984375
1630368000,47166.6875
1630454400,48847.02734375
1630540800,49327.72265625
1630627200,50025.375
1630713600,49944.625
1630800000,51753.41015625
1630886400,52633.53515625
1630972800,46811.12890625
1631059200,46091.390625
1631145600,46391.421875
1631232000,44883.91015625
1631318400,45201.45703125
1631404800,46063.26953125
1631491200,44963.07421875
1631577600,47092.4921875
1631664000,48176.34765625
1631750400,47783.359375
1631836800,47267.51953125
1631923200,48278.36328125
1632009600,47260.21875
1632096000,42843.80078125
1632182400,40693.67578125
1632268800,43574.5078125
1632355200,44895.09765625
1632441600,42839.75
1632528000,42716.59375
1632614400,43208.5390625
1632700800,42235.73046875
1632787200,41034.54296875
1632873600,41564.36328125
1632960000,43790.89453125
1633046400,48116.94140625
1633132800,47711.48828125
1633219200,48199.953125
1633305600,49112.90234375
1633392000,51514.8125
1633478400,55361.44921875
1633564800,53805.984375
1633651200,53967.84765625
1633737600,54968.22265625
1633824000,54771.578125
1633910400,57484.7890625
1633996800,56041.05859375
1634083200,57401.09765625
1634169600,57321.5234375
1634256000,61593.94921875
1634342400,60892.1796875
1634428800,61553.6171875
1634515200,62026.078125
1634601600,64261.9921875
1634688000,65992.8359375
1634774400,62210.171875
1634860800,60692.265625
1634947200,61393.6171875
1635033600,60930.8359375
1635120000,63039.82421875
1635206400,60363.79296875
1635292800,58482.38671875
1635379200,60622.13671875
1635465600,62227.96484375
1635552000,61888.83203125
1635638400,61318.95703125
1635724800,61004.40625
1635811200,63226.40234375
1635897600,62970.046875
1635984000,61452.23046875
1636070400,61125.67578125
1636156800,61527.48046875
1636243200,63326.98828125
1636329600,67566.828125
1636416000,66971.828125
1636502400,64995.23046875
1636588800,64949.9609375
1636675200,64155.94140625
1636761600,64469.52734375
1636848000,65466.83984375
1636934400,63557.87109375
1637020800,60161.24609375
1637107200,60368.01171875
1637193600,56942.13671875
1637280000,58119.578125
1637366400,59697.1953125
1637452800,58730.4765625
1637539200,56289.2890625
1637625600,57569.07421875
1637712000,56280.42578125
1637798400,57274.6796875
1637884800,53569.765625
1637971200,54815.078125
1638057600,57248.45703125
1638144000,57806.56640625
1638230400,57005.42578125
1638316800,57229.828125
1638403200,56477.81640625
1638489600,53598.24609375
1638576000,49200.703125
1638662400,49368.84765625
1638748800,50582.625
1638835200,50700.0859375
1638921600,50504.796875
1639008000,47672.12109375
1639094400,47243.3046875
1639180800,49362.5078125
1639267200,50098.3359375
1639353600,46737.48046875
1639440000,46612.6328125
1639526400,48896.72265625
1639612800,47665.42578125
1639699200,46202.14453125
1639785600,46848.77734375
1639872000,46707.015625
1639958400,46880.27734375
1640044800,48936.61328125
1640131200,48628.51171875
1640217600,50784.5390625
1640304000,50822.1953125
1640390400,50429.859375
1640476800,50809.515625
1640563200,50640.41796875
1640649600,47588.85546875
1640736000,46444.7109375
1640822400,47178.125
1640908800,46306.4453125
1640995200,47686.8125
1641081600,47345.21875
1641168000,46458.1171875
1641254400,45897.57421875
1641340800,43569.00390625
1641427200,43160.9296875
1641513600,41557.90234375
1641600000,41733.94140625
1641686400,41911.6015625
1641772800,41821.26171875
1641859200,42735.85546875
1641945600,43949.1015625
1642032000,42591.5703125
1642118400,43099.69921875
1642204800,43177.3984375
1642291200,43113.87890625
1642377600,42250.55078125
1642464000,42375.6328125
1642550400,41744.328125
1642636800,40680.41796875
1642723200,36457.31640625
1642809600,35030.25
1642896000,36276.8046875
1642982400,36654.328125
1643068800,36954.00390625
1643155200,36852.12109375
1643241600,37138.234375
1643328000,37784.33203125
1643414400,38138.1796875
1643500800,37917.6015625
1643587200,38483.125
1643673600,38743.2734375
1643760000,36952.984375
1643846400,37154.6015625
1643932800,41500.875
1644019200,41441.1640625
1644105600,42412.43359375
1644192000,43840.28515625
1644278400,44118.4453125
1644364800,44338.796875
1644451200,43565.11328125
1644537600,42407.9375
1644624000,42244.46875
1644710400,42197.515625
1644796800,42586.91796875
1644883200,44575.203125
1644969600,43961.859375
1645056000,40538.01171875
1645142400,40030.9765625
1645228800,40122.15625
1645315200,38431.37890625
1645401600,37075.28125
1645488000,38286.02734375
1645574400,37296.5703125
1645660800,38332.609375
1645747200,39214.21875
1645833600,39105.1484375
1645920000,37709.78515625
1646006400,43193.234375
1646092800,44354.63671875
1646179200,43924.1171875
1646265600,42451.7890625
1646352000,39137.60546875
1646438400,39400.5859375
1646524800,38419.984375
1646611200,38062.0390625
1646697600,38737.26953125
1646784000,41982.92578125
1646870400,39437.4609375
1646956800,38794.97265625
1647043200,38904.01171875
1647129600,37849.6640625
1647216000,39666.75390625
1647302400,39338.78515625
1647388800,41143.9296875
1647475200,40951.37890625
1647561600,41801.15625
1647648000,42190.65234375
1647734400,41247.82421875
1647820800,41077.99609375
1647907200,42358.80859375
1647993600,42892.95703125
1648080000,43960.93359375
1648166400,44348.73046875
1648252800,44500.828125
1648339200,46820.4921875
1648425600,47128.00390625
1648512000,47465.73046875
1648598400,47062.6640625
1648684800,45538.67578125
1648771200,46281.64453125
1648857600,45868.94921875
1648944000,46453.56640625
1649030400,46622.67578125
1649116800,45555.9921875
1649203200,43206.73828125
1649289600,43503.84765625
1649376000,42287.6640625
1649462400,42782.13671875
1649548800,42207.671875
1649635200,39521.90234375
1649721600,40127.18359375
1649808000,41166.73046875
1649894400,39935.515625
1649980800,40553.46484375
1650067200,40424.484375
1650153600,39716.953125
1650240000,40826.21484375
1650326400,41502.75
1650412800,41374.37890625
1650499200,40527.36328125
1650585600,39740.3203125
1650672000,39486.73046875
1650758400,39469.29296875
1650844800,40458.30859375
1650931200,38117.4609375
1651017600,39241.12109375
1651104000,39773.828125
1651190400,38609.82421875
1651276800,37714.875
1651363200,38469.09375
1651449600,38529.328125
1651536000,37750.453125
1651622400,39698.37109375
1651708800,36575.140625
1651795200,36040.921875
1651881600,35501.953125
1651968000,34059.265625
1652054400,30296.953125
1652140800,31022.90625
1652227200,28936.35546875
1652313600,29047.751953125
1652400000,29283.103515625
1652486400,30101.265625
1652572800,31305.11328125
1652659200,29862.91796875
1652745600,30425.857421875
1652832000,28720.271484375
1652918400,30314.333984375
1653004800,29200.740234375
1653091200,29432.2265625
1653177600,30323.72265625
1653264000,29098.91015625
1653350400,29655.5859375
1653436800,29562.361328125
1653523200,29267.224609375
1653609600,28627.57421875
1653696000,28814.900390625
1653782400,29445.95703125
1653868800,31726.390625
1653955200,31792.310546875
1654041600,29799.080078125
1654128000,30467.48828125
1654214400,29704.390625
1654300800,29832.9140625
1654387200,29906.662109375
1654473600,31370.671875
1654560000,31155.478515625
1654646400,30214.35546875
1654732800,30111.998046875
1654819200,29083.8046875
1654905600,28360.810546875
1654992000,26762.6484375
1655078400,22487.388671875
1655164800,22206.79296875
1655251200,22572.83984375
1655337600,20381.650390625
1655424000,20471.482421875
1655510400,19017.642578125
1655596800,20553.271484375
1655683200,20599.537109375
1655769600,20710.59765625
1655856000,19987.029296875
1655942400,21085.876953125
1656028800,21231.65625
1656115200,21502.337890625
1656201600,21027.294921875
1656288000,20735.478515625
1656374400,20280.634765625
1656460800,20104.0234375
1656547200,19784.7265625
1656633600,19269.3671875
1656720000,19242.255859375
1656806400,19297.076171875
1656892800,20231.26171875
1656979200,20190.115234375
1657065600,20548.24609375
1657152000,21637.587890625
1657238400,21731.1171875
1657324800,21592.20703125
1657411200,20860.44921875
1657497600,19970.556640625
1657584000,19323.9140625
1657670400,20212.07421875
1657756800,20569.919921875
1657843200,20836.328125
1657929600,21190.31640625
1658016000,20779.34375
1658102400,22485.689453125
1658188800,23389.43359375
1658275200,23231.732421875
1658361600,23164.62890625
1658448000,22714.978515625
1658534400,22465.478515625
1658620800,22609.1640625
1658707200,21361.701171875
1658793600,21239.75390625
1658880000,22930.548828125
1658966400,23843.88671875
1659052800,23804.6328125
1659139200,23656.20703125
1659225600,23336.896484375
1659312000,23314.19921875
1659398400,22978.1171875
1659484800,22846.5078125
1659571200,22630.95703125
1659657600,23289.314453125
1659744000,22961.279296875
1659830400,23175.890625
1659916800,23809.486328125
1660003200,23164.318359375
1660089600,23947.642578125
1660176000,23957.529296875
1660262400,24402.818359375
1660348800,24424.068359375
1660435200,24319.333984375
1660521600,24136.97265625
1660608000,23883.291015625
1660694400,23335.998046875
1660780800,23212.73828125
1660867200,20877.552734375
1660953600,21166.060546875
1661040000,21534.12109375
1661126400,21398.908203125
1661212800,21528.087890625
1661299200,21395.01953125
1661385600,21600.904296875
1661472000,20260.01953125
1661558400,20041.73828125
1661644800,19616.814453125
1661731200,20297.994140625
1661817600,19796.80859375
1661904000,20049.763671875
1661990400,20127.140625
1662076800,19969.771484375
1662163200,19832.087890625
1662249600,19986.712890625
1662336000,19812.37109375
1662422400,18837.66796875
1662508800,19290.32421875
1662595200,19329.833984375
1662681600,21381.15234375
1662768000,21680.5390625
1662854400,21769.255859375
1662940800,22370.44921875
1663027200,20296.70703125
1663113600,20241.08984375
1663200000,19701.2109375
1663286400,19772.583984375
1663372800,20127.576171875
1663459200,19419.505859375
1663545600,19544.12890625
1663632000,18890.7890625
1663718400,18547.400390625
1663804800,19413.55078125
1663891200,19297.638671875
1663977600,18937.01171875
1664064000,18802.09765625
1664150400,19222.671875
1664236800,19110.546875
1664323200,19426.720703125
1664409600,19573.05078125
1664496000,19431.7890625
1664582400,19312.095703125
1664668800,19044.107421875
1664755200,19623.580078125
1664841600,20336.84375
1664928000,20160.716796875
1665014400,19955.443359375
1665100800,19546.849609375
1665187200,19416.568359375
1665273600,19446.42578125
1665360000,19141.484375
1665446400,19051.41796875
1665532800,19157.4453125
1665619200,19382.904296875
1665705600,19185.65625
1665792000,19067.634765625
1665878400,19268.09375
1665964800,19550.7578125
1666051200,19334.416015625
1666137600,19139.53515625
1666224000,19053.740234375
1666310400,19172.46875
1666396800,19208.189453125
1666483200,19567.0078125
1666569600,19345.572265625
1666656000,20095.857421875
1666742400,20770.44140625
1666828800,20285.8359375
1666915200,20595.3515625
1667001600,20818.4765625
1667088000,20635.603515625
1667174400,20495.7734375
1667260800,20485.2734375
1667347200,20159.50390625
1667433600,20209.98828125
1667520000,21147.23046875
1667606400,21282.69140625
1667692800,20926.486328125
1667779200,20602.81640625
1667865600,18541.271484375
1667952000,15880.7802734375
1668038400,17586.771484375
1668124800,17034.29296875
1668211200,16799.185546875
1668297600,16353.365234375
1668384000,16618.19921875
1668470400,16884.61328125
1668556800,16669.439453125
1668643200,16687.517578125
1668729600,16697.77734375
1668816000,16711.546875
1668902400,16291.83203125
1668988800,15787.2841796875
1669075200,16189.76953125
1669161600,16610.70703125
1669248000,16604.46484375
1669334400,16521.841796875
1669420800,16464.28125
1669507200,16444.626953125
1669593600,16217.322265625
1669680000,16444.982421875
1669766400,17168.56640625
1669852800,16967.1328125
1669939200,17088.66015625
1670025600,16908.236328125
1670112000,17130.486328125
1670198400,16974.826171875
1670284800,17089.50390625
1670371200,16848.126953125
1670457600,17233.474609375
1670544000,17133.15234375
1670630400,17128.724609375
1670716800,17104.193359375
1670803200,17206.4375
1670889600,17781.318359375
1670976000,17815.650390625
1671062400,17364.865234375
1671148800,16647.484375
1671235200,16795.091796875
1671321600,16757.9765625
1671408000,16439.6796875
1671494400,16906.3046875
1671580800,16817.53515625
1671667200,16830.341796875
1671753600,16796.953125
1671840000,16847.755859375
1671926400,16841.986328125
1672012800,16919.8046875
1672099200,16717.173828125
1672185600,16552.572265625
1672272000,16642.341796875
1672358400,16602.5859375
1672444800,16547.49609375
1672531200,16625.080078125
1672617600,16688.470703125
1672704000,16679.857421875
1672790400,16863.23828125
1672876800,16836.736328125
1672963200,16951.96875
1673049600,16955.078125
1673136000,17091.14453125
1673222400,17196.5546875
1673308800,17446.29296875
1673395200,17934.896484375
1673481600,18869.587890625
1673568000,19909.57421875
1673654400,20976.298828125
1673740800,20880.798828125
1673827200,21169.6328125
1673913600,21161.51953125
1674000000,20688.78125
1674086400,21086.79296875
1674172800,22676.552734375
1674259200,22777.625
1674345600,22720.416015625
1674432000,22934.431640625
1674518400,22636.46875
1674604800,23117.859375
1674691200,23032.77734375
1674777600,23078.728515625
1674864000,23031.08984375
1674950400,23774.56640625
1675036800,22840.138671875
1675123200,23139.283203125
1675209600,23723.76953125
1675296000,23471.87109375
1675382400,23449.322265625
1675468800,23331.84765625
1675555200,22955.666015625
1675641600,22760.109375
1675728000,23264.291015625
1675814400,22939.3984375
1675900800,21819.0390625
1675987200,21651.18359375
1676073600,21870.875
1676160000,21788.203125
1676246400,21808.1015625
1676332800,22220.8046875
1676419200,24307.841796875
1676505600,23623.474609375
1676592000,24565.6015625
1676678400,24641.27734375
1676764800,24327.642578125
1676851200,24829.1484375
1676937600,24436.353515625
1677024000,24188.84375
1677110400,23947.4921875
1677196800,23198.126953125
1677283200,23175.375
1677369600,23561.212890625
1677456000,23522.87109375
1677542400,23147.353515625
1677628800,23646.55078125
1677715200,23475.466796875
1677801600,22362.6796875
1677888000,22353.349609375
1677974400,22435.513671875
1678060800,22429.7578125
1678147200,22219.76953125
1678233600,21718.080078125
1678320000,20363.021484375
1678406400,20187.244140625
1678492800,20632.41015625
1678579200,22163.94921875
1678665600,24197.533203125
1678752000,24746.07421875
1678838400,24375.9609375
1678924800,25052.7890625
1679011200,27423.9296875
1679097600,26965.87890625
1679184000,28038.67578125
1679270400,27767.236328125
1679356800,28175.81640625
1679443200,27307.4375
1679529600,28333.97265625
1679616000,27493.28515625
1679702400,27494.70703125
1679788800,27994.330078125
1679875200,27139.888671875
1679961600,27268.130859375
1680048000,28348.44140625
1680134400,28033.5625
1680220800,28478.484375
1680307200,28411.03515625
1680393600,28199.30859375
1680480000,27790.220703125
1680566400,28168.08984375
1680652800,28177.984375
1680739200,28044.140625
1680825600,27925.859375
1680912000,27947.794921875
1680998400,28333.05078125
1681084800,29652.98046875
1681171200,30235.05859375
1681257600,30139.052734375
1681344000,30399.06640625
1681430400,30485.69921875
1681516800,30318.49609375
1681603200,30315.35546875
1681689600,29445.044921875
1681776000,30397.552734375
1681862400,28822.6796875
1681948800,28245.98828125
1682035200,27276.91015625
1682121600,27817.5
1682208000,27591.384765625
1682294400,27525.33984375
1682380800,28307.59765625
1682467200,28422.701171875
1682553600,29473.787109375
1682640000,29340.26171875
1682726400,29248.48828125
1682812800,29268.806640625
1682899200,28091.568359375
1682985600,28680.537109375
1683072000,29006.30859375
1683158400,28847.7109375
1683244800,29534.384765625
1683331200,28904.623046875
1683417600,28454.978515625
1683504000,27694.2734375
1683590400,27658.775390625
1683676800,27621.755859375
1683763200,27000.7890625
1683849600,26804.990234375
1683936000,26784.078125
1684022400,26930.638671875
1684108800,27192.693359375
1684195200,27036.650390625
1684281600,27398.802734375
1684368000,26832.208984375
1684454400,26890.12890625
1684540800,27129.5859375
1684627200,26753.826171875
1684713600,26851.27734375
1684800000,27225.7265625
1684886400,26334.818359375
1684972800,26476.20703125
1685059200,26719.291015625
1685145600,26868.353515625
1685232000,28085.646484375
1685318400,27745.884765625
1685404800,27702.349609375
1685491200,27219.658203125
1685577600,26819.97265625
1685664000,27249.58984375
1685750400,27075.12890625
1685836800,27119.06640625
1685923200,25760.09765625
1686009600,27238.783203125
1686096000,26345.998046875
1686182400,26508.216796875
1686268800,26480.375
1686355200,25851.240234375
1686441600,25940.16796875
1686528000,25902.5
1686614400,25918.728515625
1686700800,25124.67578125
1686787200,25576.39453125
1686873600,26327.462890625
1686960000,26510.67578125
1687046400,26336.212890625
1687132800,26851.029296875
1687219200,28327.48828125
1687305600,30027.296875
1687392000,29912.28125
1687478400,30695.46875
1687564800,30548.6953125
1687651200,30480.26171875
1687737600,30271.130859375
1687824000,30688.1640625
1687910400,30086.24609375
1687996800,30445.3515625
1688083200,30477.251953125
1688169600,30590.078125
1688256000,30620.76953125
1688342400,31156.439453125
1688428800,30777.58203125
1688515200,30514.166015625
1688601600,29909.337890625
1688688000,30342.265625
1688774400,30292.541015625
1688860800,30171.234375
1688947200,30414.470703125
1689033600,30620.951171875
1689120000,30391.646484375
1689206400,31476.048828125
1689292800,30334.068359375
1689379200,30295.806640625
1689465600,30249.1328125
1689552000,30145.888671875
1689638400,29856.5625
1689724800,29913.923828125
1689811200,29792.015625
1689897600,29908.744140625
1689984000,29771.802734375
1690070400,30084.5390625
1690156800,29176.916015625
1690243200,29227.390625
1690329600,29354.97265625
1690416000,29210.689453125
1690502400,29319.24609375
1690588800,29356.91796875
1690675200,29275.30859375
1690761600,29230.111328125
1690848000,29675.732421875
1690934400,29151.958984375
1691020800,29178.6796875
1691107200,29074.091796875
1691193600,29042.126953125
1691280000,29041.85546875
1691366400,29180.578125
1691452800,29765.4921875
1691539200,29561.494140625
1691625600,29429.591796875
1691712000,29397.71484375
1691798400,29415.96484375
1691884800,29282.9140625
1691971200,29408.443359375
1692057600,29170.34765625
1692144000,28701.779296875
1692230400,26664.55078125
1692316800,26049.556640625
1692403200,26096.205078125
1692489600,26189.583984375
1692576000,26124.140625
1692662400,26031.65625
1692748800,26431.640625
1692835200,26162.373046875
1692921600,26047.66796875
1693008000,26008.462890625
1693094400,26089.693359375
1693180800,26106.150390625
1693267200,27727.392578125
1693353600,27297.265625
1693440000,25931.47265625
1693526400,25800.724609375
1693612800,25868.798828125
1693699200,25969.56640625
1693785600,25812.416015625
1693872000,25779.982421875
1693958400,25753.236328125
1694044800,26240.1953125
1694131200,25905.654296875
1694217600,25895.677734375
1694304000,25832.2265625
1694390400,25162.654296875
1694476800,25833.34375
1694563200,26228.32421875
1694649600,26539.673828125
1694736000,26608.693359375
1694822400,26568.28125
1694908800,26534.1875
1694995200,26754.28125
1695081600,27211.1171875
1695168000,27132.0078125
1695254400,26567.6328125
1695340800,26579.568359375
1695427200,26579.390625
1695513600,26256.826171875
1695600000,26298.48046875
1695686400,26217.25
1695772800,26352.716796875
1695859200,27021.546875
1695945600,26911.720703125
1696032000,26967.916015625
1696118400,27983.75
1696204800,27530.78515625
1696291200,27429.978515625
1696377600,27799.39453125
1696464000,27415.912109375
1696550400,27946.59765625
1696636800,27968.83984375
1696723200,27935.08984375
1696809600,27583.677734375
1696896000,27391.01953125
1696982400,26873.3203125
1697068800,26756.798828125
1697155200,26862.375
1697241600,26861.70703125
1697328000,27159.65234375
1697414400,28519.466796875
1697500800,28415.748046875
1697587200,28328.341796875
1697673600,28719.806640625
1697760000,29682.94921875
1697846400,29918.412109375
1697932800,29993.896484375
1698019200,33086.234375
1698105600,33901.52734375
1698192000,34502.8203125
1698278400,34156.6484375
1698364800,33909.80078125
1698451200,34089.57421875
1698537600,34538.48046875
1698624000,34502.36328125
1698710400,34667.78125
1698796800,35437.25390625
1698883200,34938.2421875
1698969600,34732.32421875
1699056000,35082.1953125
1699142400,35049.35546875
1699228800,35037.37109375
1699315200,35443.5625
1699401600,35655.27734375
1699488000,36693.125
1699574400,37313.96875
1699660800,37138.05078125
1699747200,37054.51953125
1699833600,36502.35546875
1699920000,35537.640625
1700006400,37880.58203125
1700092800,36154.76953125
1700179200,36596.68359375
1700265600,36585.703125
1700352000,37386.546875
1700438400,37476.95703125
1700524800,35813.8125
1700611200,37432.33984375
1700697600,37289.62109375
1700784000,37720.28125
1700870400,37796.79296875
1700956800,37479.12109375
1701043200,37254.16796875
1701129600,37831.0859375
1701216000,37858.4921875
1701302400,37712.74609375
1701388800,38688.75
1701475200,39476.33203125
1701561600,39978.390625
1701648000,41980.09765625
1701734400,44080.6484375
1701820800,43746.4453125
1701907200,43292.6640625
1701993600,44166.6015625
1702080000,43725.984375
1702166400,43779.69921875
1702252800,41243.83203125
1702339200,41450.22265625
1702425600,42890.7421875
1702512000,43023.97265625
1702598400,41929.7578125
1702684800,42240.1171875
1702771200,41364.6640625
1702857600,42623.5390625
1702944000,42270.52734375
1703030400,43652.25
1703116800,43869.15234375
1703203200,43997.90234375
1703289600,43739.54296875
1703376000,43016.1171875
1703462400,43613.140625
1703548800,42520.40234375
1703635200,43442.85546875
1703721600,42627.85546875
1703808000,42099.40234375
1703894400,42156.90234375
1703980800,42265.1875
1704067200,44167.33203125
1704153600,44957.96875
1704240000,42848.17578125
1704326400,44179.921875
1704412800,44162.69140625
1704499200,43989.1953125
1704585600,43943.09765625
1704672000,46970.50390625
1704758400,46139.73046875
1704844800,46627.77734375
1704931200,46368.5859375
1705017600,42853.16796875
1705104000,42842.3828125
1705190400,41796.26953125
1705276800,42511.96875
1705363200,43154.9453125
1705449600,42742.65234375
1705536000,41262.05859375
1705622400,41618.40625
1705708800,41665.5859375
1705795200,41545.78515625
1705881600,39507.3671875
1705968000,39845.55078125
1706054400,40077.07421875
1706140800,39933.80859375
1706227200,41816.87109375
1706313600,42120.0546875
1706400000,42035.59375
1706486400,43288.24609375
1706572800,42952.609375
1706659200,42582.60546875
1706745600,43075.7734375
1706832000,43185.859375
1706918400,42992.25
1707004800,42583.58203125
1707091200,42658.66796875
1707177600,43084.671875
1707264000,44318.22265625
1707350400,45301.56640625
1707436800,47147.19921875
1707523200,47771.27734375
1707609600,48293.91796875
1707696000,49958.22265625
1707782400,49742.44140625
1707868800,51826.6953125
1707955200,51938.5546875
1708041600,52160.203125
1708128000,51662.99609375
1708214400,52122.546875
1708300800,51779.14453125
1708387200,52284.875
1708473600,51839.1796875
1708560000,51304.97265625
1708646400,50731.94921875
1708732800,51571.1015625
1708819200,51733.23828125
1708905600,54522.40234375
1708992000,57085.37109375
1709078400,62504.7890625
1709164800,61198.3828125
1709251200,62440.6328125
1709337600,62029.84765625
1709424000,
1709526120,63594.46875
